<?xml version="1.0" encoding="UTF-8"?>
<project-private xmlns="http://www.netbeans.org/ns/project-private/1">
    <editor-bookmarks xmlns="http://www.netbeans.org/ns/editor-bookmarks/2" lastBookmarkId="0"/>
    <open-files xmlns="http://www.netbeans.org/ns/projectui-open-files/2">
        <group>
            <file>file:/C:/Users/ccs/Documents/NetBeansProjects/video%20Test/wehicle/src/Interface/Login.java</file>
            <file>file:/C:/Users/ccs/Documents/NetBeansProjects/video%20Test/wehicle/src/Interface/RentReport.java</file>
            <file>file:/C:/Users/ccs/Documents/NetBeansProjects/video%20Test/wehicle/src/Interface/Home.java</file>
            <file>file:/C:/Users/ccs/Documents/NetBeansProjects/video%20Test/wehicle/src/Interface/Vehicle.java</file>
            <file>file:/C:/Users/ccs/Documents/NetBeansProjects/video%20Test/wehicle/src/Report/customer.jrxml</file>
            <file>file:/C:/Users/ccs/Documents/NetBeansProjects/video%20Test/wehicle/src/Interface/Rent.java</file>
            <file>file:/C:/Users/ccs/Documents/NetBeansProjects/video%20Test/wehicle/src/Report/out.jrxml</file>
            <file>file:/C:/Users/ccs/Documents/NetBeansProjects/video%20Test/wehicle/src/Report/available.jrxml</file>
            <file>file:/C:/Users/ccs/Documents/NetBeansProjects/video%20Test/wehicle/src/Interface/Customer.java</file>
            <file>file:/C:/Users/ccs/Documents/NetBeansProjects/video%20Test/wehicle/src/Interface/RentVehicle.java</file>
            <file>file:/C:/Users/ccs/Documents/NetBeansProjects/video%20Test/wehicle/src/Report/Vehicle.jrxml</file>
            <file>file:/C:/Users/ccs/Documents/NetBeansProjects/video%20Test/wehicle/src/Report/Rentreport.jrxml</file>
            <file>file:/C:/Users/ccs/Documents/NetBeansProjects/video%20Test/wehicle/src/Interface/AddCustomer.java</file>
            <file>file:/C:/Users/ccs/Documents/NetBeansProjects/video%20Test/wehicle/src/Interface/Return.java</file>
            <file>file:/C:/Users/ccs/Documents/NetBeansProjects/video%20Test/wehicle/src/Interface/AddVehicle.java</file>
            <file>file:/C:/Users/ccs/Documents/NetBeansProjects/video%20Test/wehicle/src/Interface/DBConnect.java</file>
        </group>
    </open-files>
</project-private>
